{
  "full_model": {
    "pr_auc": 0.023424805954846084,
    "roc_auc": 0.6149241562788303,
    "precision_at_k": 0.026819923892617226,
    "lift_at_k": 1.6543879508972168,
    "f1": 0.048286604361370715,
    "precision": 0.02679343128781331,
    "recall": 0.2440944881889764,
    "brier": 0.05939871817827225,
    "threshold": 0.3
  },
  "no_feature_gate": {
    "pr_auc": 0.021867861997668797,
    "roc_auc": 0.5908117071197163,
    "precision_at_k": 0.029374202713370323,
    "lift_at_k": 1.8119487762451172,
    "f1": 0.04591836734693878,
    "precision": 0.025738798856053385,
    "recall": 0.2125984251968504,
    "brier": 0.054030150175094604,
    "threshold": 0.3
  },
  "no_residual": {
    "pr_auc": 0.023431160456688607,
    "roc_auc": 0.600648352198482,
    "precision_at_k": 0.028097063302993774,
    "lift_at_k": 1.733168363571167,
    "f1": 0.0497335701598579,
    "precision": 0.028028028028028028,
    "recall": 0.2204724409448819,
    "brier": 0.0671522468328476,
    "threshold": 0.35
  },
  "no_embeddings": {
    "pr_auc": 0.025658775095002702,
    "roc_auc": 0.6136429812758419,
    "precision_at_k": 0.03448275849223137,
    "lift_at_k": 2.127070188522339,
    "f1": 0.05759162303664921,
    "precision": 0.03453689167974882,
    "recall": 0.1732283464566929,
    "brier": 0.054540958255529404,
    "threshold": 0.3
  },
  "focal_loss": {
    "pr_auc": 0.022896095271036435,
    "roc_auc": 0.6042241994954991,
    "precision_at_k": 0.029374202713370323,
    "lift_at_k": 1.8119487762451172,
    "f1": 0.05017103762827822,
    "precision": 0.029333333333333333,
    "recall": 0.1732283464566929,
    "brier": 0.07321762293577194,
    "threshold": 0.3
  }
}